Statistic,Actual_Revenue
count,60.0
mean,47270.77061018453
std,9168.676950227777
min,26551.01906648365
25%,40783.9678251255
50%,45641.55385829961
75%,52112.2566426693
max,73181.51391908068
