Statistic,Prophet_forecast
count,12.0
mean,49384.04387633808
std,8233.373495345579
min,39313.59199458303
25%,42402.37753742943
50%,49295.17794751932
75%,54371.76349382879
max,65378.116333430604
