Statistic,SARIMA_Forecast
count,12.0
mean,48637.708023736486
std,9353.017714513133
min,37829.71270748469
25%,41854.39796014376
50%,45894.88551592066
75%,53611.81591862731
max,67082.18553470042
