Model,MAE,RMSE,MAPE
XGB,6092.176950962706,8748.613206144444,14.028613268053805
SARIMA,6790.106919374269,9725.98619053583,17.91133105215964
Hybrid_SARIMA,7200.318309645428,7749.303599849988,17.078858611313528
Prophet,7860.209152437473,10738.512389797941,20.402688938174062
Baseline,7871.43330654152,11702.414894983138,20.587984492881404
Hybrid_Prophet,8007.482414476798,8869.525778811558,18.718515635441968
Hybrid_Res,9430.25428583912,11581.451004469382,19.77609650438914
