Statistic,Alpha,Beta,Gamma,Delta
count,60.0,60.0,60.0,60.0
mean,11727.574818051362,11464.132755661632,12331.069392857287,11747.993643614242
std,3572.7830132731997,3752.895327605505,3732.2560118854144,4299.748871915612
min,5248.973097605392,5200.711977777264,5646.290624756871,4633.483394089613
25%,8988.049175851382,8595.740612775146,8989.5971018022,8132.804862668346
50%,11698.598017323813,11445.734105174828,12004.79348922609,11065.204379759989
75%,14170.233118437556,14234.37949380571,14746.689121430145,15184.357623808532
max,19537.325198946804,20777.76006005668,20601.091476319318,22043.6077780762
