Statistic,XGBoost_Forecast
count,12.0
mean,47126.84375
std,528.2111206054688
min,45966.29296875
25%,46884.93359375
50%,47104.607421875
75%,47428.185546875
max,47999.58984375
